ExtensionID,ExtensionURL,ExtensionName
aahnibhpidkdaeaplfdogejgoajkjgob,https://chrome.google.com/webstore/detail/aahnibhpidkdaeaplfdogejgoajkjgob,Bittorent For Chrome
hhdobjgopfphlmjbmnpglhfcgppchgje,https://chrome.google.com/webstore/detail/hhdobjgopfphlmjbmnpglhfcgppchgje,AdGuard VPN ‚Äî free & secure proxy for Chrome
jagobfpimhagccjbkchfdilhejgfggna,https://chrome.google.com/webstore/detail/jagobfpimhagccjbkchfdilhejgfggna,"A.I. Archives: Share Claude, ChatGPT, Gemini, Meta"
kdfieneakcjfaiglcfcgkidlkmlijjnh,https://chrome.google.com/webstore/detail/kdfieneakcjfaiglcfcgkidlkmlijjnh,AI Grammar and Spell Checker by Ginger
oldceeleldhonbafppcapldpdifcinji,https://chrome.google.com/webstore/detail/oldceeleldhonbafppcapldpdifcinji,AI Grammar Checker & Paraphraser ‚Äì LanguageTool
jjdnakkfjnnbbckhifcfchagnpofjffo,https://chrome.google.com/webstore/detail/jjdnakkfjnnbbckhifcfchagnpofjffo,AI Prompt Genius
phkadhcecbaaijkgbnjbchhgmjnpcnae,https://chrome.google.com/webstore/detail/phkadhcecbaaijkgbnjbchhgmjnpcnae,AIPal: When Webpage Meet AI
ojnbohmppadfgpejeebfnmnknjdlckgj,https://chrome.google.com/webstore/detail/ojnbohmppadfgpejeebfnmnknjdlckgj,AIPRM for ChatGPT
jecikjbpiedagpmibmgpfgnkfpomgeok,https://chrome.google.com/webstore/detail/jecikjbpiedagpmibmgpfgnkfpomgeok,alike03's Subscription Info on Steam
bibdjkcebiliphphjbnkngdjgeklgcdf,https://chrome.google.com/webstore/detail/bibdjkcebiliphphjbnkngdjgeklgcdf,Allkeyshop - Compare Game Prices
bhghoamapcdpbohphigoooaddinpkbai,https://chrome.google.com/webstore/detail/bhghoamapcdpbohphigoooaddinpkbai,Authenticator
cpedeojecpbkcomgcolphimkjdnikbck,https://chrome.google.com/webstore/detail/cpedeojecpbkcomgcolphimkjdnikbck,Auto Clicker
ihmfnheijlagmmbbegepekbebgpkolop,https://chrome.google.com/webstore/detail/ihmfnheijlagmmbbegepekbebgpkolop,Awake - Keep awake while downloading
ibaenepllmhoekeccnhdbnijijebehdl,https://chrome.google.com/webstore/detail/ibaenepllmhoekeccnhdbnijijebehdl,Be awake
ikkmichlmkbmfmbhjiegnbiobnglhjjc,https://chrome.google.com/webstore/detail/ikkmichlmkbmfmbhjiegnbiobnglhjjc,Bitcoin Crypto News
omghfjlpggmjjaagoclmmobgdodcjboh,https://chrome.google.com/webstore/detail/omghfjlpggmjjaagoclmmobgdodcjboh,Browsec VPN - Free VPN for Chrome
kdjilbflpbbilgehjjppohpfplnapkbp,https://chrome.google.com/webstore/detail/kdjilbflpbbilgehjjppohpfplnapkbp,
fcblbbbkcneogddmpmfdchnocbpfpmag,https://chrome.google.com/webstore/detail/fcblbbbkcneogddmpmfdchnocbpfpmag,Caffeine - Keep Awake
njdepodpfikogbbmjdbebneajdekhiai,https://chrome.google.com/webstore/detail/njdepodpfikogbbmjdbebneajdekhiai,
gpbnhdjoknjmghjfljgcankdldimokmk,https://chrome.google.com/webstore/detail/gpbnhdjoknjmghjfljgcankdldimokmk,ChatGPT Assistant
becfinhbfclcgokjlobojlnldbfillpf,https://chrome.google.com/webstore/detail/becfinhbfclcgokjlobojlnldbfillpf,"ChatGPT Sidebar & GPT-4o, o1, Claude, Deepseek with AI Agents | AITOPIA"
pdnenlnelpdomajfejgapbdpmjkfpjkp,https://chrome.google.com/webstore/detail/pdnenlnelpdomajfejgapbdpmjkfpjkp,"ChatGPT Writer: Use AI on Any Site (GPT-4.1, Claude, Gemini, and More)"
kchaponcodemjigejilffhfchecpgdpf,https://chrome.google.com/webstore/detail/kchaponcodemjigejilffhfchecpgdpf,"Writesonic: AI Writing, SEO, and Keywords"
kjdfnlgjmcabagegbofipgfifamecneb,https://chrome.google.com/webstore/detail/kjdfnlgjmcabagegbofipgfifamecneb,
pffdhhfimgbjinhhniodkcfnjncibagl,https://chrome.google.com/webstore/detail/pffdhhfimgbjinhhniodkcfnjncibagl,AI Chat
nlhpidbjmmffhoogcennoiopekbiglbp,https://chrome.google.com/webstore/detail/nlhpidbjmmffhoogcennoiopekbiglbp,Chat AI
bkanngdinjghfcfgpcbdjckpajacpnbb,https://chrome.google.com/webstore/detail/bkanngdinjghfcfgpcbdjckpajacpnbb,
hibagaegjmbjhpgdplddooppallfhipo,https://chrome.google.com/webstore/detail/hibagaegjmbjhpgdplddooppallfhipo,
hnfanknocfeofbddgcijnmhnfnkdnaad,https://chrome.google.com/webstore/detail/hnfanknocfeofbddgcijnmhnfnkdnaad,Coinbase Wallet extension
oafedfoadhdjjcipmcbecikgokpaphjk,https://chrome.google.com/webstore/detail/oafedfoadhdjjcipmcbecikgokpaphjk,CoinWallet: BTC Crypto Wallet
ddlbpiadoechcolndfeaonajmngmhblj,https://chrome.google.com/webstore/detail/ddlbpiadoechcolndfeaonajmngmhblj,Compose AI: AI-powered Writing Tool
cpclpigpkojganpmppallpfndknhmjmg,https://chrome.google.com/webstore/detail/cpclpigpkojganpmppallpfndknhmjmg,Crypto Alert
jpciegoakihajimjjkejckngbacleohi,https://chrome.google.com/webstore/detail/jpciegoakihajimjjkejckngbacleohi,Crypto Tracker
hifafgmccdpekplomjjkcfgodnhcellj,https://chrome.google.com/webstore/detail/hifafgmccdpekplomjjkcfgodnhcellj,Crypto.com | Onchain Extension
pgpcjennihmkbbpifnjkdpkagpaggfaa,https://chrome.google.com/webstore/detail/pgpcjennihmkbbpifnjkdpkagpaggfaa,
kkpllkodjeloidieedojogacfhpaihoh,https://chrome.google.com/webstore/detail/kkpllkodjeloidieedojogacfhpaihoh,"Enkrypt: ETH, BTC and Solana Wallet"
dcaffjpclkkjfacgfofgpjbmgjnjlpmh,https://chrome.google.com/webstore/detail/dcaffjpclkkjfacgfofgpjbmgjnjlpmh,
akcocjjpkmlniicdeemdceeajlmoabhg,https://chrome.google.com/webstore/detail/akcocjjpkmlniicdeemdceeajlmoabhg,Free VPN Proxy - 1VPN
jaoafpkngncfpfggjefnekilbkcpjdgp,https://chrome.google.com/webstore/detail/jaoafpkngncfpfggjefnekilbkcpjdgp,Free VPN Chrome extension - Best VPN by uVPN
fcfhplploccackoneaefokcmbjfbkenj,https://chrome.google.com/webstore/detail/fcfhplploccackoneaefokcmbjfbkenj,Free VPN for Chrome by 1clickvpn
hipncndjamdcmphkgngojegjblibadbe,https://chrome.google.com/webstore/detail/hipncndjamdcmphkgngojegjblibadbe,Free VPN Proxy and ad blocker - Planet VPN
fdcgdnkidjaadafnichfpabhfomcebme,https://chrome.google.com/webstore/detail/fdcgdnkidjaadafnichfpabhfomcebme,
jcbiifklmgnkppebelchllpdbnibihel,https://chrome.google.com/webstore/detail/jcbiifklmgnkppebelchllpdbnibihel,Free VPN - Free VPN for Chrome
mpeepmfabickbdbckcejbflkpfamgcon,https://chrome.google.com/webstore/detail/mpeepmfabickbdbckcejbflkpfamgcon,Grammar Checker
kbfnbcaeplbcioakkpcpgfkobkghlhen,https://chrome.google.com/webstore/detail/kbfnbcaeplbcioakkpcpgfkobkghlhen,Grammarly: AI Writing and Grammar Checker App
eanggfilgoajaocelnaflolkadkeghjp,https://chrome.google.com/webstore/detail/eanggfilgoajaocelnaflolkadkeghjp,"HARPA AI | ChatGPT, Claude, Gemini, DeepSeek & Perplexity Automation Agent"
nbcojefnccbanplpoffopkoepjmhgdgh,https://chrome.google.com/webstore/detail/nbcojefnccbanplpoffopkoepjmhgdgh,Hoxx VPN Proxy
dpggmcodlahmljkhlmpgpdcffdaoccni,https://chrome.google.com/webstore/detail/dpggmcodlahmljkhlmpgpdcffdaoccni,"Internxt VPN - Free, Encrypted & Unlimited VPN"
lblebdecfhdegbeoejplcpmhibbkbkin,https://chrome.google.com/webstore/detail/lblebdecfhdegbeoejplcpmhibbkbkin,Ivacy VPN - Best Free VPN to Unblock Websites
apmicgkbejflkgeljipcebaoeigmangd,https://chrome.google.com/webstore/detail/apmicgkbejflkgeljipcebaoeigmangd,Keep Awake (Display | System)
kioaomfokioenhackhaijiebhhkkcojo,https://chrome.google.com/webstore/detail/kioaomfokioenhackhaijiebhhkkcojo,Keep Awake your System or Display
hjfibcmcdbeaikcglnhineogdmpdchio,https://chrome.google.com/webstore/detail/hjfibcmcdbeaikcglnhineogdmpdchio,Keep Awake
inglelmldhjcljkomheneakjkpadclhf,https://chrome.google.com/webstore/detail/inglelmldhjcljkomheneakjkpadclhf,Keep Awake
imbpigcghoambmanjekibelfjemnnool,https://chrome.google.com/webstore/detail/imbpigcghoambmanjekibelfjemnnool,Keep Computer Awake (for a While)
mpcaainmfjjigeicjnlkdfajbioopjko,https://chrome.google.com/webstore/detail/mpcaainmfjjigeicjnlkdfajbioopjko,KeepSolid VPN Unlimited¬Æ - Best Proxy for Chrome
mbniclmhobmnbdlbpiphghaielnnpgdp,https://chrome.google.com/webstore/detail/mbniclmhobmnbdlbpiphghaielnnpgdp,Lightshot (screenshot tool)
bmhcbmnbenmcecpmpepghooflbehcack,https://chrome.google.com/webstore/detail/bmhcbmnbenmcecpmpepghooflbehcack,Liner: ChatGPT AI Copilot for Web&YouTube&PDF
ndgklmlnheedegipcohgcbjhhgddendc,https://chrome.google.com/webstore/detail/ndgklmlnheedegipcohgcbjhhgddendc,Linguix: Grammar Checker and AI Writing App
mhnlakgilnojmhinhkckjpncpbhabphi,https://chrome.google.com/webstore/detail/mhnlakgilnojmhinhkckjpncpbhabphi,"MaxAI: Ask AI anything as you browse (GPT, Gemini, Claude, Grok, etc.)"
camppjleccjaphfdbohjdohecfnoikec,https://chrome.google.com/webstore/detail/camppjleccjaphfdbohjdohecfnoikec,"Merlin - Ask AI to Research, Write & Review"
ofpnmcalabcbjgholdjcjblkibolbppb,https://chrome.google.com/webstore/detail/ofpnmcalabcbjgholdjcjblkibolbppb,"Monica: ChatGPT AI Assistant | DeepSeek, GPT-4o, Claude 3.5, o1 & More"
kbdgjeblabdabbhgmjpjeaeoemmfnkgd,https://chrome.google.com/webstore/detail/kbdgjeblabdabbhgmjpjeaeoemmfnkgd,Moviespapa - Unlimited Free Movies & Shows
fjoaledfpmneenckfbpdfhkmimnjocfa,https://chrome.google.com/webstore/detail/fjoaledfpmneenckfbpdfhkmimnjocfa,VPN for Chrome: Get a VPN proxy with NordVPN
hlgbcneanomplepojfcnclggenpcoldo,https://chrome.google.com/webstore/detail/hlgbcneanomplepojfcnclggenpcoldo,Perplexity - AI Companion
lgfflokdinmbpcjnhkdaiajfgalpnkcl,https://chrome.google.com/webstore/detail/lgfflokdinmbpcjnhkdaiajfgalpnkcl,Personal Crypto
egbpibkpckbdhmacfijknpecliodfcgh,https://chrome.google.com/webstore/detail/egbpibkpckbdhmacfijknpecliodfcgh,Pinger
gkcdaooannhlioejchebhpkllbcackig,https://chrome.google.com/webstore/detail/gkcdaooannhlioejchebhpkllbcackig,"PromptStorm - ChatGPT, Gemini, Claude Prompts"
jplgfhpmjnbigmhklmmbgecoobifkmpa,https://chrome.google.com/webstore/detail/jplgfhpmjnbigmhklmmbgecoobifkmpa,Proton VPN: Fast & Secure
npnbdojkgkbcdfdjlfdmplppdphlhhcf,https://chrome.google.com/webstore/detail/npnbdojkgkbcdfdjlfdmplppdphlhhcf,ProWritingAid: Grammar Checker & Paraphrasing Tool
iidnbdjijdkbmajdffnidomddglmieko,https://chrome.google.com/webstore/detail/iidnbdjijdkbmajdffnidomddglmieko,QuillBot: AI Writing and Grammar Checker Tool
jpgljfpmoofbmlieejglhonfofmahini,https://chrome.google.com/webstore/detail/jpgljfpmoofbmlieejglhonfofmahini,Residential VPN | Tuxler
abclobamlfjfbkgpkndggeainkjdhfec,https://chrome.google.com/webstore/detail/abclobamlfjfbkgpkndggeainkjdhfec,
oofgbpoabipfcfjapgnbbjjaenockbdp,https://chrome.google.com/webstore/detail/oofgbpoabipfcfjapgnbbjjaenockbdp,SetupVPN - Lifetime Free VPN
difoiogjjojoaoomphldepapgpbgkhkb,https://chrome.google.com/webstore/detail/difoiogjjojoaoomphldepapgpbgkhkb,"Sider: Chat with all AI models (DeepSeek, Gemini, Claude, etc.)"
nkklhdhlfknnhmmldffbofbbomlicpig,https://chrome.google.com/webstore/detail/nkklhdhlfknnhmmldffbofbbomlicpig,Snap VPN
dmgkiikdlhmpikkhpiplldicbnicmboc,https://chrome.google.com/webstore/detail/dmgkiikdlhmpikkhpiplldicbnicmboc,Spell checker and Grammar checker by Scribens
gofaiibillcpfajafckhoieamembimje,https://chrome.google.com/webstore/detail/gofaiibillcpfajafckhoieamembimje,Stay Awake: Keep Your Computer Awake
ffbkglfijbcbgblgflchnbphjdllaogb,https://chrome.google.com/webstore/detail/ffbkglfijbcbgblgflchnbphjdllaogb,CyberGhost VPN ‚Äì Proxy for Chrome
mcglhmpnpongdigcmccjallgoinlklnj,https://chrome.google.com/webstore/detail/mcglhmpnpongdigcmccjallgoinlklnj,Steam Context Menu
ocabaebkfcojookdnihccpcngaaigfan,https://chrome.google.com/webstore/detail/ocabaebkfcojookdnihccpcngaaigfan,Steam Currency Converter
chnfggpncfadofhgkekcppnonikpgbjm,https://chrome.google.com/webstore/detail/chnfggpncfadofhgkekcppnonikpgbjm,Steam Powered
mjmabgdoainclinjecbkdancpamdiaih,https://chrome.google.com/webstore/detail/mjmabgdoainclinjecbkdancpamdiaih,Steam Profile Assistant
kdbmhfkmnlmbkgbabkdealhhbfhlmmon,https://chrome.google.com/webstore/detail/kdbmhfkmnlmbkgbabkdealhhbfhlmmon,SteamDB
ailoabdmgclmfmhdagmlohpjlbpffblp,https://chrome.google.com/webstore/detail/ailoabdmgclmfmhdagmlohpjlbpffblp,Surfshark VPN Extension
lieodnapokbjkkdkhdljlllmgkmdokcm,https://chrome.google.com/webstore/detail/lieodnapokbjkkdkhdljlllmgkmdokcm,Tampermonkey Editors
lcmhijbkigalmkeommnijlpobloojgfn,https://chrome.google.com/webstore/detail/lcmhijbkigalmkeommnijlpobloojgfn,Tampermonkey Legacy
dhdgffkkebhmkfjojejmpbldmpobfkfo,https://chrome.google.com/webstore/detail/dhdgffkkebhmkfjojejmpbldmpobfkfo,Tampermonkey
nnpnnpemnckcfdebeekibpiijlicmpom,https://chrome.google.com/webstore/detail/nnpnnpemnckcfdebeekibpiijlicmpom,VPNCity - Fast & Unlimited VPN | Unblocker
egjidjbpglichdcondbcbdnbeeppgdph,https://chrome.google.com/webstore/detail/egjidjbpglichdcondbcbdnbeeppgdph,Trust Wallet
omdakjcmkglenbhjadbccaookpfjihpa,https://chrome.google.com/webstore/detail/omdakjcmkglenbhjadbccaookpfjihpa,TunnelBear VPN
pinjghhmldainbadpbmjhcjefadbmnck,https://chrome.google.com/webstore/detail/pinjghhmldainbadpbmjhcjefadbmnck,Turn off sleep mode
mjnbclmflcpookeapghfhapeffmpodij,https://chrome.google.com/webstore/detail/mjnbclmflcpookeapghfhapeffmpodij,"UltraSurf Security, Privacy & Unblock VPN"
eppiocemhmnlbhjplcgkofciiegomcon,https://chrome.google.com/webstore/detail/eppiocemhmnlbhjplcgkofciiegomcon,Urban VPN Proxy
feeonheemodpkdckaljcjogdncpiiban,https://chrome.google.com/webstore/detail/feeonheemodpkdckaljcjogdncpiiban,Zuvu AI: The Ultimate AI Agent Sidebar for Google Search & Beyond
gjknjjomckknofjidppipffbpoekiipm,https://chrome.google.com/webstore/detail/gjknjjomckknofjidppipffbpoekiipm,VPN Free - Betternet Unlimited VPN Proxy
lneaocagcijjdpkcabeanfpdbmapcjjg,https://chrome.google.com/webstore/detail/lneaocagcijjdpkcabeanfpdbmapcjjg,Free VPN Proxy - VPNLY
bibjcjfmgapbfoljiojpipaooddpkpai,https://chrome.google.com/webstore/detail/bibjcjfmgapbfoljiojpipaooddpkpai,
ibmdbhboiekjjoadjahpnmmcgdmabbdf,https://chrome.google.com/webstore/detail/ibmdbhboiekjjoadjahpnmmcgdmabbdf,VPN Plus - Best VPN for Chrome
lnfdmdhmfbimhhpaeocncdlhiodoblbd,https://chrome.google.com/webstore/detail/lnfdmdhmfbimhhpaeocncdlhiodoblbd,VPN Proxy Master: Change IP for Chrome
nhnfcgpcbfclhfafjlooihdfghaeinfc,https://chrome.google.com/webstore/detail/nhnfcgpcbfclhfafjlooihdfghaeinfc,
epeigjgefhajkiiallmfblgglmdbhfab,https://chrome.google.com/webstore/detail/epeigjgefhajkiiallmfblgglmdbhfab,
pdgbckgdncnhihllonhnjbdoighgpimk,https://chrome.google.com/webstore/detail/pdgbckgdncnhihllonhnjbdoighgpimk,Wallet Guard: Protect Your Crypto
lpfemeioodjbpieminkklglpmhlngfcn,https://chrome.google.com/webstore/detail/lpfemeioodjbpieminkklglpmhlngfcn,WebChatGPT: ChatGPT with internet access
cgjocfhgfladicjlfichbiemaehfagch,https://chrome.google.com/webstore/detail/cgjocfhgfladicjlfichbiemaehfagch,WikiVPN - Free VPN
hnmpcagpplmpfojmgmnngilcnanddlhb,https://chrome.google.com/webstore/detail/hnmpcagpplmpfojmgmnngilcnanddlhb,Windscribe - Free Proxy and Ad Blocker
mhngpdlhojliikfknhfaglpnddniijfh,https://chrome.google.com/webstore/detail/mhngpdlhojliikfknhfaglpnddniijfh,WorkingVPN - The VPN that just works
lchfkoahaepmbengiebapcnoeahhkpll,https://chrome.google.com/webstore/detail/lchfkoahaepmbengiebapcnoeahhkpll,WPS Docs
kdpelmjpfafjppnhbloffcjpeomlnpah,https://chrome.google.com/webstore/detail/kdpelmjpfafjppnhbloffcjpeomlnpah,"WPS PDF - Read, Edit, Fill, Convert, and AI Chat PDF with Ease"
comnfhdcnamiakeikahbcbjldhbpmnhi,https://chrome.google.com/webstore/detail/comnfhdcnamiakeikahbcbjldhbpmnhi,WPS‰æøÁ≠æÂä©Êâã
hmjoaalgapkjmnccfciciojahchjojlf,https://chrome.google.com/webstore/detail/hmjoaalgapkjmnccfciciojahchjojlf,X-Crypto
immngomjofcbflgcckkfddnbpmjokbjh,https://chrome.google.com/webstore/detail/immngomjofcbflgcckkfddnbpmjokbjh,ZoogVPN - Free VPN for Chrome & Proxy
fphgeikpdcdcheaochkhldmnfblfogla,https://chrome.google.com/webstore/detail/fphgeikpdcdcheaochkhldmnfblfogla,
cnlefmmeadmemmdciolhbnfeacpdfbkd,https://chrome.google.com/webstore/detail/cnlefmmeadmemmdciolhbnfeacpdfbkd,
inomeogfingihgjfjlpeplalcfajhgai,https://chrome.google.com/webstore/detail/inomeogfingihgjfjlpeplalcfajhgai,Chrome Remote Desktop
majdfhpaihoncoakbjgbdhglocklcgno,https://chrome.google.com/webstore/detail/majdfhpaihoncoakbjgbdhglocklcgno,Free VPN for Chrome - VPN Proxy VeePN
gmohoglkppnemohbcgjakmgengkeaphi,https://chrome.google.com/webstore/detail/gmohoglkppnemohbcgjakmgengkeaphi,2FA Authenticator app
jijophmdjdapikfmbckmhhiheghkgoee,https://chrome.google.com/webstore/detail/jijophmdjdapikfmbckmhhiheghkgoee,AmzGPT: Amazon listing edit
bchkdkhfodkkpohjhabdgfhpgjkkgfhg,https://chrome.google.com/webstore/detail/bchkdkhfodkkpohjhabdgfhpgjkkgfhg,AnswerAI - Homework AI Tutor & Study Helper
iapifmceeokikomajpccajhjpacjmibe,https://chrome.google.com/webstore/detail/iapifmceeokikomajpccajhjpacjmibe,Auto Clicker - AutoFill
idlepjdnhiagmieafhenbeaacbgiolde,https://chrome.google.com/webstore/detail/idlepjdnhiagmieafhenbeaacbgiolde,Auto Clicker
jgjaeacdkonaoafenlfkkkmbaopkbilf,https://chrome.google.com/webstore/detail/jgjaeacdkonaoafenlfkkkmbaopkbilf,ChatGPT for Google
bijihlabcfdnabacffofojgmehjdielb,https://chrome.google.com/webstore/detail/bijihlabcfdnabacffofojgmehjdielb,Keep Awake
liecbddmkiiihnedobmlmillhodjkdmb,https://chrome.google.com/webstore/detail/liecbddmkiiihnedobmlmillhodjkdmb,Loom ‚Äì Screen Recorder & Screen Capture
iibninhmiggehlcdolcilmhacighjamp,https://chrome.google.com/webstore/detail/iibninhmiggehlcdolcilmhacighjamp,Magical: AI Agent for Autofill Automation
okfkdaglfjjjfefdcppliegebpoegaii,https://chrome.google.com/webstore/detail/okfkdaglfjjjfefdcppliegebpoegaii,"Scribe: AI Documentation, SOPs & Screenshots"
khhnlfooiiffofchhdhjopgpegcjlodk,https://chrome.google.com/webstore/detail/khhnlfooiiffofchhdhjopgpegcjlodk,Table Browser Caller for D365FO
jiihcciniecimeajcniapbngjjbonjan,https://chrome.google.com/webstore/detail/jiihcciniecimeajcniapbngjjbonjan,Vidyard - Screen Recorder & Screen Capture
bihmplhobchoageeokmgbdihknkjbknd,https://chrome.google.com/webstore/detail/bihmplhobchoageeokmgbdihknkjbknd,Touch VPN - Secure and unlimited VPN proxy
bfidboloedlamgdmenmlbipfnccokknp,https://chrome.google.com/webstore/detail/bfidboloedlamgdmenmlbipfnccokknp,PureVPN Proxy - Best VPN for Chrome
gkojfkhlekighikafcpjkiklfbnlmeio,https://chrome.google.com/webstore/detail/gkojfkhlekighikafcpjkiklfbnlmeio,Hola VPN - Your Website Unblocker
fgddmllnllkalaagkghckoinaemmogpe,https://chrome.google.com/webstore/detail/fgddmllnllkalaagkghckoinaemmogpe,ExpressVPN: VPN proxy for a better internet
blgcbajigpdfohpgcmbbfnphcgifjopc,https://chrome.google.com/webstore/detail/blgcbajigpdfohpgcmbbfnphcgifjopc,ExpressVPN Keys: Password Manager
gipocgejiebilnhkjplhfklahbdndlli,https://chrome.google.com/webstore/detail/gipocgejiebilnhkjplhfklahbdndlli,
dgbhmbogkcdheijkkdmfhodkamcaiheo,https://chrome.google.com/webstore/detail/dgbhmbogkcdheijkkdmfhodkamcaiheo,
neaplmfkghagebokkhpjpoebhdledlfi,https://chrome.google.com/webstore/detail/neaplmfkghagebokkhpjpoebhdledlfi,
eghgdppgmgnipiomjkkhhcihpogpcodk,https://chrome.google.com/webstore/detail/eghgdppgmgnipiomjkkhhcihpogpcodk,
fkdjnclchnjiboiobfgnjifkckngbnkb,https://chrome.google.com/webstore/detail/fkdjnclchnjiboiobfgnjifkckngbnkb,
djflhoibgkdhkhhcedjiklpkjnoahfmg,https://chrome.google.com/webstore/detail/djflhoibgkdhkhhcedjiklpkjnoahfmg,User-Agent Switcher for Chrome
inledacgphbcoihlbhmnkkbkgmjldbbi,https://chrome.google.com/webstore/detail/inledacgphbcoihlbhmnkkbkgmjldbbi,Auto Clicker - MT Auto Clicker [Beta Version]
ihhkmalpkhkoedlmcnilbbhhbhnicjga,https://chrome.google.com/webstore/detail/ihhkmalpkhkoedlmcnilbbhhbhnicjga,Bardeen: Automate Browser Apps with AI
ablbagjepecncofimgjmdpnhnfjiecfm,https://chrome.google.com/webstore/detail/ablbagjepecncofimgjmdpnhnfjiecfm,"Blocknative Gas Fee Estimator for Ethereum, Base, Arbitrum, and More"
igfbafcgnaemgipnngnppdhilhpmmnoh,https://chrome.google.com/webstore/detail/igfbafcgnaemgipnngnppdhilhpmmnoh,Keysmith
fakegmdomhmegokfomgmkbopjibonfcp,https://chrome.google.com/webstore/detail/fakegmdomhmegokfomgmkbopjibonfcp,Metastream Remote
oocalimimngaihdkbihfgmpkcpnmlaoa,https://chrome.google.com/webstore/detail/oocalimimngaihdkbihfgmpkcpnmlaoa,Netflix Party is now Teleparty
acaonckckmmakfgjfkgbfeepdhmajkeg,https://chrome.google.com/webstore/detail/acaonckckmmakfgjfkgbfeepdhmajkeg,TraitSniper
fdpohaocaechififmbbbbbknoalclacl,https://chrome.google.com/webstore/detail/fdpohaocaechififmbbbbbknoalclacl,GoFullPage - Full Page Screen Capture
mcbpblocgmgfnpjjppndjkmgjaogfceg,https://chrome.google.com/webstore/detail/mcbpblocgmgfnpjjppndjkmgjaogfceg,Take Webpage Screenshots Entirely - FireShot
glgomjpomoahpeekneidkinhcfjnnhmb,https://chrome.google.com/webstore/detail/glgomjpomoahpeekneidkinhcfjnnhmb,Full Page Screenshot
pmnphobdokkajkpbkajlaiooipfcpgio,https://chrome.google.com/webstore/detail/pmnphobdokkajkpbkajlaiooipfcpgio,
akgpcdalpfphjmfifkmfbpdmgdmeeaeo,https://chrome.google.com/webstore/detail/akgpcdalpfphjmfifkmfbpdmgdmeeaeo,Webpage Screenshot - Entire page screenshot!
giabbpobpebjfegnpcclkocepcgockkc,https://chrome.google.com/webstore/detail/giabbpobpebjfegnpcclkocepcgockkc,Screenshot Capture
pmabjgjpcbofkbbeiphkiaanogobokgg,https://chrome.google.com/webstore/detail/pmabjgjpcbofkbbeiphkiaanogobokgg,Full Page Screen Capture
ghihpjhpgdepnohngpgfcmcijmkggpaf,https://chrome.google.com/webstore/detail/ghihpjhpgdepnohngpgfcmcijmkggpaf,Screen Capture
aegnopegbbhjeeiganiajffnalhlkkjb,https://chrome.google.com/webstore/detail/aegnopegbbhjeeiganiajffnalhlkkjb,
mdjildafknihdffpkfmmpnpoiajfjnjd,https://chrome.google.com/webstore/detail/mdjildafknihdffpkfmmpnpoiajfjnjd,Consent-O-Matic
cjdnfmjmdligcpfcekfmenlhiopehjkd,https://chrome.google.com/webstore/detail/cjdnfmjmdligcpfcekfmenlhiopehjkd,TwoSeven Extension
idgpnmonknjnojddfkpgkljpfnnfcklj,https://chrome.google.com/webstore/detail/idgpnmonknjnojddfkpgkljpfnnfcklj,ModHeader - Modify HTTP headers
nlipoenfbbikpbjkfpfillcgkoblgpmj,https://chrome.google.com/webstore/detail/nlipoenfbbikpbjkfpfillcgkoblgpmj,Awesome Screen Recorder & Screenshot
nkihdmlheodkdfojglpcjjmioefjahjb,https://chrome.google.com/webstore/detail/nkihdmlheodkdfojglpcjjmioefjahjb,BrowserStack
adlpodnneegcnbophopdmhedicjbcgco,https://chrome.google.com/webstore/detail/adlpodnneegcnbophopdmhedicjbcgco,Free VPN for Chrome - Troywell VPN
embopepfkojckgmldidcjbefilokcgmg,https://chrome.google.com/webstore/detail/embopepfkojckgmldidcjbefilokcgmg,
llojfncgbabajmdglnkbhmiebiinohek,https://chrome.google.com/webstore/detail/llojfncgbabajmdglnkbhmiebiinohek,ChatGPT
dcbcnpnaccfjoikaofjgcipcfbmfkpmj,https://chrome.google.com/webstore/detail/dcbcnpnaccfjoikaofjgcipcfbmfkpmj,ChatGPT Extension
fnmihdojmnkclgjpcoonokmkhjpjechg,https://chrome.google.com/webstore/detail/fnmihdojmnkclgjpcoonokmkhjpjechg,Chat GPT for Chrome with Claude Sonnet & DeepSeek R1
dojgcdlfcjhopeenhamnnjijimnammbf,https://chrome.google.com/webstore/detail/dojgcdlfcjhopeenhamnnjijimnammbf,
hlmabemhgianglocdnedeilaapijchai,https://chrome.google.com/webstore/detail/hlmabemhgianglocdnedeilaapijchai,
bnddhkgajejhaijnllailngnbcopmcoe,https://chrome.google.com/webstore/detail/bnddhkgajejhaijnllailngnbcopmcoe,
kjeipegpggpbciapoallgaieajcefolp,https://chrome.google.com/webstore/detail/kjeipegpggpbciapoallgaieajcefolp,
odpmikmjaiapjammnphnfacangakndmk,https://chrome.google.com/webstore/detail/odpmikmjaiapjammnphnfacangakndmk,
pdmiahhmekaaadpkmdndbnighgglnjnm,https://chrome.google.com/webstore/detail/pdmiahhmekaaadpkmdndbnighgglnjnm,
mkccjanioockmpiipbihphdpfnnbblfa,https://chrome.google.com/webstore/detail/mkccjanioockmpiipbihphdpfnnbblfa,
fapealihbilmknhobnpnpncdhbepkgnh,https://chrome.google.com/webstore/detail/fapealihbilmknhobnpnpncdhbepkgnh,
fiiicigjeipaklmejogbjlkkoalhdbbp,https://chrome.google.com/webstore/detail/fiiicigjeipaklmejogbjlkkoalhdbbp,
jigjjhbimkkakoncmabgiefpjebkaoek,https://chrome.google.com/webstore/detail/jigjjhbimkkakoncmabgiefpjebkaoek,
ejcfepkfckglbgocfkanmcdngdijcgld,https://chrome.google.com/webstore/detail/ejcfepkfckglbgocfkanmcdngdijcgld,ChatGPT search
mdnleldcmiljblolnjhpnblkcekpdkpa,https://chrome.google.com/webstore/detail/mdnleldcmiljblolnjhpnblkcekpdkpa,"Requestly: API Client, Mocking & Testing Tool"
fpncncnngnkggnjajalboihdobmdenml,https://chrome.google.com/webstore/detail/fpncncnngnkggnjajalboihdobmdenml,
amojccmdnkdlcjcplmkijeenigbhfbpd,https://chrome.google.com/webstore/detail/amojccmdnkdlcjcplmkijeenigbhfbpd,Open in Opera Browser
jemjknhgpjaacbghpdhgchbgccbpkkgf,https://chrome.google.com/webstore/detail/jemjknhgpjaacbghpdhgchbgccbpkkgf,
iddifpoaoiehbfgifechnhameaahpnbi,https://chrome.google.com/webstore/detail/iddifpoaoiehbfgifechnhameaahpnbi,Mega Messenger
jiofmdifioeejeilfkpegipdjiopiekl,https://chrome.google.com/webstore/detail/jiofmdifioeejeilfkpegipdjiopiekl,YesCaptcha assistant
acmfnomgphggonodopogfbmkneepfgnh,https://chrome.google.com/webstore/detail/acmfnomgphggonodopogfbmkneepfgnh,Bookmark Favicon Changer
hihblcmlaaademjlakdpicchbjnnnkbo,https://chrome.google.com/webstore/detail/hihblcmlaaademjlakdpicchbjnnnkbo,Proxy SwitchyOmega (V3)
ndlbedplllcgconngcnfmkadhokfaaln,https://chrome.google.com/webstore/detail/ndlbedplllcgconngcnfmkadhokfaaln,GraphQL Network Inspector
igbodamhgjohafcenbcljfegbipdfjpk,https://chrome.google.com/webstore/detail/igbodamhgjohafcenbcljfegbipdfjpk,Keyboard History Recorder
bgejafhieobnfpjlpcjjggoboebonfcg,https://chrome.google.com/webstore/detail/bgejafhieobnfpjlpcjjggoboebonfcg,
llimhhconnjiflfimocjggfjdlmlhblm,https://chrome.google.com/webstore/detail/llimhhconnjiflfimocjggfjdlmlhblm,Reader Mode
hodiladlefdpcbemnbbcpclbmknkiaem,https://chrome.google.com/webstore/detail/hodiladlefdpcbemnbbcpclbmknkiaem,Google Meet Enhanced Experience
epikoohpebngmakjinphfiagogjcnddm,https://chrome.google.com/webstore/detail/epikoohpebngmakjinphfiagogjcnddm,
didhgeamncokiaegffipckhhcpnmlcbl,https://chrome.google.com/webstore/detail/didhgeamncokiaegffipckhhcpnmlcbl,
bibjgkidgpfbblifamdlkdlhgihmfohh,https://chrome.google.com/webstore/detail/bibjgkidgpfbblifamdlkdlhgihmfohh,
pkgciiiancapdlpcbppfkmeaieppikkk,https://chrome.google.com/webstore/detail/pkgciiiancapdlpcbppfkmeaieppikkk,
epdjhgbipjpbbhoccdeipghoihibnfja,https://chrome.google.com/webstore/detail/epdjhgbipjpbbhoccdeipghoihibnfja,
bbdnohkpnbkdkmnkddobeafboooinpla,https://chrome.google.com/webstore/detail/bbdnohkpnbkdkmnkddobeafboooinpla,
befflofjcniongenjmbkgkoljhgliihe,https://chrome.google.com/webstore/detail/befflofjcniongenjmbkgkoljhgliihe,TinaMind - The GPT-4o-powered AI Assistant!
cedgndijpacnfbdggppddacngjfdkaca,https://chrome.google.com/webstore/detail/cedgndijpacnfbdggppddacngjfdkaca,Wayin AI - Understanding Videos in Seconds (YouTube Summarizer & Chat)
cplhlgabfijoiabgkigdafklbhhdkahj,https://chrome.google.com/webstore/detail/cplhlgabfijoiabgkigdafklbhhdkahj,Vidnoz Flex - Video recorder & Video share
egmennebgadmncfjafcemlecimkepcle,https://chrome.google.com/webstore/detail/egmennebgadmncfjafcemlecimkepcle,VidHelper - Video Download Helper
mnhffkhmpnefgklngfmlndmkimimbphc,https://chrome.google.com/webstore/detail/mnhffkhmpnefgklngfmlndmkimimbphc,
oaikpkmjciadfpddlpjjdapglcihgdle,https://chrome.google.com/webstore/detail/oaikpkmjciadfpddlpjjdapglcihgdle,Uvoice
fbmlcbhdmilaggedifpihjgkkmdgeljh,https://chrome.google.com/webstore/detail/fbmlcbhdmilaggedifpihjgkkmdgeljh,Reader Mode - Natural Reader
kkodiihpgodmdankclfibbiphjkfdenh,https://chrome.google.com/webstore/detail/kkodiihpgodmdankclfibbiphjkfdenh,ParrotTalksÊäÑÁ≠ÜË®ò
oeiomhmbaapihbilkfkhmlajkeegnjhe,https://chrome.google.com/webstore/detail/oeiomhmbaapihbilkfkhmlajkeegnjhe,Primus
pajkjnmeojmbapicmbpliphjmcekeaac,https://chrome.google.com/webstore/detail/pajkjnmeojmbapicmbpliphjmcekeaac,Cyberhaven security extension V3
ogbhbgkiojdollpjbhbamafmedkeockb,https://chrome.google.com/webstore/detail/ogbhbgkiojdollpjbhbamafmedkeockb,
eanofdhdfbcalhflpbdipkjjkoimeeod,https://chrome.google.com/webstore/detail/eanofdhdfbcalhflpbdipkjjkoimeeod,Rewards Search Automator
ekpkdmohpdnebfedjjfklhpefgpgaaji,https://chrome.google.com/webstore/detail/ekpkdmohpdnebfedjjfklhpefgpgaaji,Tackker - online keylogger tool
miglaibdlgminlepgeifekifakochlka,https://chrome.google.com/webstore/detail/miglaibdlgminlepgeifekifakochlka,
mbindhfolmpijhodmgkloeeppmkhpmhc,https://chrome.google.com/webstore/detail/mbindhfolmpijhodmgkloeeppmkhpmhc,
mkpcaklladfpajiaikehdinfaabmnajh,https://chrome.google.com/webstore/detail/mkpcaklladfpajiaikehdinfaabmnajh,Temporary Email - EmailOnDeck
aigcbpaaeflggbfikokmkkfecnlcodoh,https://chrome.google.com/webstore/detail/aigcbpaaeflggbfikokmkkfecnlcodoh,TemporaryMail.com - Disposable Email
hamdbkbgdhchmfakchdncldnagajibhn,https://chrome.google.com/webstore/detail/hamdbkbgdhchmfakchdncldnagajibhn,
fbbjiglnminppnhbddnihgeoipoamhnm,https://chrome.google.com/webstore/detail/fbbjiglnminppnhbddnihgeoipoamhnm,
kjfolfenllhgbeibjkbnleejpnnlgnfd,https://chrome.google.com/webstore/detail/kjfolfenllhgbeibjkbnleejpnnlgnfd,FormAI - Auto Form Filler AI (GPT 4o Integrated)
ophdppnnmjanpfpekojldpibobgegljk,https://chrome.google.com/webstore/detail/ophdppnnmjanpfpekojldpibobgegljk,Qwen
nkbihfbeogaeaoehlefnkodbefgpgknn,https://chrome.google.com/webstore/detail/nkbihfbeogaeaoehlefnkodbefgpgknn,MetaMask
dhopldobnfjeckokfjimfcdagmlhjdce,https://chrome.google.com/webstore/detail/dhopldobnfjeckokfjimfcdagmlhjdce,Screen Recorder
kohfgcgbkjodfcfkcackpagifgbcmimk,https://chrome.google.com/webstore/detail/kohfgcgbkjodfcfkcackpagifgbcmimk,NaturalReader - AI Text to Speech
inhcgfpbfdjbjogdfjbclgolkmhnooop,https://chrome.google.com/webstore/detail/inhcgfpbfdjbjogdfjbclgolkmhnooop,"AI Sidebar with Deepseek, ChatGPT, Claude and more."
nolkleckgikphcknllccijejhfmcchkg,https://chrome.google.com/webstore/detail/nolkleckgikphcknllccijejhfmcchkg,"AI Summarizer by ReadPartner: Summarize Articles, YouTube and Documents"
linoficihfeojfefmhfaacpglllecagm,https://chrome.google.com/webstore/detail/linoficihfeojfefmhfaacpglllecagm,DeepSeek R1
hieojnfolnmckkacmkjaobcggnchjbhk,https://chrome.google.com/webstore/detail/hieojnfolnmckkacmkjaobcggnchjbhk,DeepSeek AI RTL/LTR Switcher
ecbjondgmklhcbgmkiddbpgifilcjlbm,https://chrome.google.com/webstore/detail/ecbjondgmklhcbgmkiddbpgifilcjlbm,
fgbieegonkgdlkmeaapmkejdlfalonkb,https://chrome.google.com/webstore/detail/fgbieegonkgdlkmeaapmkejdlfalonkb,DeepSeek AI
lbpidmmacfagijehljcenlmmfieajamh,https://chrome.google.com/webstore/detail/lbpidmmacfagijehljcenlmmfieajamh,DeepSeek AI
bjjobdlpgglckcmhgmmecijpfobmcpap,https://chrome.google.com/webstore/detail/bjjobdlpgglckcmhgmmecijpfobmcpap,DeepSeek AI
fhklagfdoamepgbophfnhppbpmhhphin,https://chrome.google.com/webstore/detail/fhklagfdoamepgbophfnhppbpmhhphin,
djhjckkfgancelbmgcamjimgphaphjdl,https://chrome.google.com/webstore/detail/djhjckkfgancelbmgcamjimgphaphjdl,DeepSeek
npphdmcakmfhllhblkealgkeefamebih,https://chrome.google.com/webstore/detail/npphdmcakmfhllhblkealgkeefamebih,DeepSeek AI
ehmhocjlcagmfeokjhmgmednhbdhpgep,https://chrome.google.com/webstore/detail/ehmhocjlcagmfeokjhmgmednhbdhpgep,Cryptocurrency price alerts & volume tracker for Binance
fhbohimaelbohpjbbldcngcnapndodjp,https://chrome.google.com/webstore/detail/fhbohimaelbohpjbbldcngcnapndodjp,BEW lite
aeachknmefphepccionboohckonoeemg,https://chrome.google.com/webstore/detail/aeachknmefphepccionboohckonoeemg,Coin98 Wallet Extension: Crypto & Defi
nopnfnlbinpfoihclomelncopjiioain,https://chrome.google.com/webstore/detail/nopnfnlbinpfoihclomelncopjiioain,Viction Wallet
bkgplkpdgidlgmnlhdfakhcjfpfgjjkb,https://chrome.google.com/webstore/detail/bkgplkpdgidlgmnlhdfakhcjfpfgjjkb,Ancient8 Wallet by Coin98
cgeeodpfagjceefieflmdfphplkenlfk,https://chrome.google.com/webstore/detail/cgeeodpfagjceefieflmdfphplkenlfk,EVER Wallet
aholpfdialjgjfhomihkjbmgjidlcdno,https://chrome.google.com/webstore/detail/aholpfdialjgjfhomihkjbmgjidlcdno,Exodus Web3 Wallet
ebfidpplhabeedpnhjnobghokpiioolj,https://chrome.google.com/webstore/detail/ebfidpplhabeedpnhjnobghokpiioolj,Fewcha Move Wallet
cjmkndjhnagcfbpiemnkdpomccnjblmj,https://chrome.google.com/webstore/detail/cjmkndjhnagcfbpiemnkdpomccnjblmj,Finnie
flpiciilemghbmfalicajoolhkkenfel,https://chrome.google.com/webstore/detail/flpiciilemghbmfalicajoolhkkenfel,ICONex
jblndlipeogpafnldhgmapagcccfchpi,https://chrome.google.com/webstore/detail/jblndlipeogpafnldhgmapagcccfchpi,Kaia Wallet
pdadjkfkgcafgbceimcpbkalnfnepbnk,https://chrome.google.com/webstore/detail/pdadjkfkgcafgbceimcpbkalnfnepbnk,KardiaChain Wallet
dmkamcknogkgcdfhhbddcghachkejeap,https://chrome.google.com/webstore/detail/dmkamcknogkgcdfhhbddcghachkejeap,Keplr
ajnhebfhendphbllebbijfdfnnakcgll,https://chrome.google.com/webstore/detail/ajnhebfhendphbllebbijfdfnnakcgll,"Definio: Multi-modal AI Copilot - Claude3 Opus, ChatGPT 4o, Gemini 1.5 Pro"
efbglgofoippbgcjepnhiblaibcnclgk,https://chrome.google.com/webstore/detail/efbglgofoippbgcjepnhiblaibcnclgk,Martian Aptos & Sui Wallet Extension
dioapkekjoidbacpmfpnphhlobnneadd,https://chrome.google.com/webstore/detail/dioapkekjoidbacpmfpnphhlobnneadd,Math AI
fplgihadlmhndfcccdojmblkdilfgkad,https://chrome.google.com/webstore/detail/fplgihadlmhndfcccdojmblkdilfgkad,DeepSeek to PDF
jmpcodajbcpgkebjipbmjdoboehfiddd,https://chrome.google.com/webstore/detail/jmpcodajbcpgkebjipbmjdoboehfiddd,DeepSeek AI Chat
aadlmimdcdpifjpbpbnjjoiboohnekeb,https://chrome.google.com/webstore/detail/aadlmimdcdpifjpbpbnjjoiboohnekeb,DeepSeek Custom GPTs
eenjdnjldapjajjofmldgmkjaienebbj,https://chrome.google.com/webstore/detail/eenjdnjldapjajjofmldgmkjaienebbj,Copyfish üêü Free OCR Software
kgfeiebnfmmfpomhochmlfmdmjmfedfj,https://chrome.google.com/webstore/detail/kgfeiebnfmmfpomhochmlfmdmjmfedfj,2048 Classic Game
pmlcjncilaaaemknfefmegedhcgelmee,https://chrome.google.com/webstore/detail/pmlcjncilaaaemknfefmegedhcgelmee,
ohdgnoepeabcfdkboidmaedenahioohf,https://chrome.google.com/webstore/detail/ohdgnoepeabcfdkboidmaedenahioohf,
dnbipceilikdgjmeiagblfckeialaela,https://chrome.google.com/webstore/detail/dnbipceilikdgjmeiagblfckeialaela,
aciipkgmbljbcokcnhjbjdhilpngemnj,https://chrome.google.com/webstore/detail/aciipkgmbljbcokcnhjbjdhilpngemnj,
nlmjpeojbncdmlfkpppngdnolhfgiehn,https://chrome.google.com/webstore/detail/nlmjpeojbncdmlfkpppngdnolhfgiehn,
phjhbkdgnjaokligmkimgnlagccanodn,https://chrome.google.com/webstore/detail/phjhbkdgnjaokligmkimgnlagccanodn,
fkhpfgpmejefmjaeelgoopkcglgafedm,https://chrome.google.com/webstore/detail/fkhpfgpmejefmjaeelgoopkcglgafedm,
kekdpkbijjffmohdaonbpeeaiknhbkhj,https://chrome.google.com/webstore/detail/kekdpkbijjffmohdaonbpeeaiknhbkhj,
mcmmiinopedfbaoongoclagidncaacbd,https://chrome.google.com/webstore/detail/mcmmiinopedfbaoongoclagidncaacbd,
ndcokkmfmiaecmndbpohaogmpmchfpkk,https://chrome.google.com/webstore/detail/ndcokkmfmiaecmndbpohaogmpmchfpkk,
cpmpjapeeidaikiiemnddfgfdfjjhgif,https://chrome.google.com/webstore/detail/cpmpjapeeidaikiiemnddfgfdfjjhgif,
ajefbooiifdkmgkpjkanmgbjbndfbfhg,https://chrome.google.com/webstore/detail/ajefbooiifdkmgkpjkanmgbjbndfbfhg,
fmlpbbognkocpajihchioognkmdeeldo,https://chrome.google.com/webstore/detail/fmlpbbognkocpajihchioognkmdeeldo,
goaebigflkhjjblmofhoggdhebgnielo,https://chrome.google.com/webstore/detail/goaebigflkhjjblmofhoggdhebgnielo,
igkkmokkmlbkkgdnkkancbonkbbmkioc,https://chrome.google.com/webstore/detail/igkkmokkmlbkkgdnkkancbonkbbmkioc,APEX - Best Screenshot & Screen Recorder
lopnbnfpjmgpbppclhclehhgafnifija,https://chrome.google.com/webstore/detail/lopnbnfpjmgpbppclhclehhgafnifija,Google Translate - Side Panel
kacljcbejojnapnmiifgckbafkojcncf,https://chrome.google.com/webstore/detail/kacljcbejojnapnmiifgckbafkojcncf,
jhkhlgaomejplkanglolfpcmfknnomle,https://chrome.google.com/webstore/detail/jhkhlgaomejplkanglolfpcmfknnomle,
nkmooloiipfcknccapehflmampkaniji,https://chrome.google.com/webstore/detail/nkmooloiipfcknccapehflmampkaniji,
kgddnoifhgfdhcpbkkjdgokfnkkmdcen,https://chrome.google.com/webstore/detail/kgddnoifhgfdhcpbkkjdgokfnkkmdcen,
djmpbcihmblfdlkcfncodakgopmpgpgh,https://chrome.google.com/webstore/detail/djmpbcihmblfdlkcfncodakgopmpgpgh,
chmfnmjfghjpdamlofhlonnnnokkpbao,https://chrome.google.com/webstore/detail/chmfnmjfghjpdamlofhlonnnnokkpbao,
ciifcakemmcbbdpmljdohdmbodagmela,https://chrome.google.com/webstore/detail/ciifcakemmcbbdpmljdohdmbodagmela,
fbjfihoienmhbjflbobnmimfijpngkpa,https://chrome.google.com/webstore/detail/fbjfihoienmhbjflbobnmimfijpngkpa,
idgncaddojiejegdmkofblgplkgmeipk,https://chrome.google.com/webstore/detail/idgncaddojiejegdmkofblgplkgmeipk,
bjlcpoknpgaoaollojjdnbdojdclidkh,https://chrome.google.com/webstore/detail/bjlcpoknpgaoaollojjdnbdojdclidkh,
pcjmcnhpobkjnhajhhleejfmpeoahclc,https://chrome.google.com/webstore/detail/pcjmcnhpobkjnhajhhleejfmpeoahclc,
hinhmojdkodmficpockledafoeodokmc,https://chrome.google.com/webstore/detail/hinhmojdkodmficpockledafoeodokmc,
gcnceeflimggoamelclcbhcdggcmnglm,https://chrome.google.com/webstore/detail/gcnceeflimggoamelclcbhcdggcmnglm,
mcakfkioeanhfiojkchcndahgagcidbd,https://chrome.google.com/webstore/detail/mcakfkioeanhfiojkchcndahgagcidbd,
cmbndhnoonmghfofefkcccljbkdpamhi,https://chrome.google.com/webstore/detail/cmbndhnoonmghfofefkcccljbkdpamhi,Hack-Tools
ginpbkfigcoaokgflihfhhmglmbchinc,https://chrome.google.com/webstore/detail/ginpbkfigcoaokgflihfhhmglmbchinc,HackBar
hjmeopdfaoneecmmephjiacpekmgfcmi,https://chrome.google.com/webstore/detail/hjmeopdfaoneecmmephjiacpekmgfcmi,Evil Console
kmnlfjgamfnhcmpfnmgpiapacncdipad,https://chrome.google.com/webstore/detail/kmnlfjgamfnhcmpfnmgpiapacncdipad,h4ck3r
paljnfjjeclclieknpdeljeilmmoheog,https://chrome.google.com/webstore/detail/paljnfjjeclclieknpdeljeilmmoheog,Breakbot
njggknpmkjapgklcfhaiigafiiebpchm,https://chrome.google.com/webstore/detail/njggknpmkjapgklcfhaiigafiiebpchm,BrowserGPT: ChatGPT Anywhere Powered by GPT 4
mfidniedemcgceagapgdekdbmanojomk,https://chrome.google.com/webstore/detail/mfidniedemcgceagapgdekdbmanojomk,Coupert - Automatic Coupon Finder & Cashback
pefhciejnkgdgoahgfeklebcbpmhnhhd,https://chrome.google.com/webstore/detail/pefhciejnkgdgoahgfeklebcbpmhnhhd,
